bits,pic16blurred_noise_calculation_SSIM,pic16blurred_noise_calculation_PSNR,pic16blurred_noise_calculation_CIEDE,pic16blurred_noise_calculationsize,pic28blurred_noise_calculation_SSIM,pic28blurred_noise_calculation_PSNR,pic28blurred_noise_calculation_CIEDE,pic28blurred_noise_calculationsize,pic6blurred_noise_calculation_SSIM,pic6blurred_noise_calculation_PSNR,pic6blurred_noise_calculation_CIEDE,pic6blurred_noise_calculationsize,pic23blurred_noise_calculation_SSIM,pic23blurred_noise_calculation_PSNR,pic23blurred_noise_calculation_CIEDE,pic23blurred_noise_calculationsize,pic45blurred_noise_calculation_SSIM,pic45blurred_noise_calculation_PSNR,pic45blurred_noise_calculation_CIEDE,pic45blurred_noise_calculationsize,pic16colour_sensitivity_SSIM,pic16colour_sensitivity_PSNR,pic16colour_sensitivity_CIEDE,pic16colour_sensitivitysize,pic28colour_sensitivity_SSIM,pic28colour_sensitivity_PSNR,pic28colour_sensitivity_CIEDE,pic28colour_sensitivitysize,pic6colour_sensitivity_SSIM,pic6colour_sensitivity_PSNR,pic6colour_sensitivity_CIEDE,pic6colour_sensitivitysize,pic23colour_sensitivity_SSIM,pic23colour_sensitivity_PSNR,pic23colour_sensitivity_CIEDE,pic23colour_sensitivitysize,pic45colour_sensitivity_SSIM,pic45colour_sensitivity_PSNR,pic45colour_sensitivity_CIEDE,pic45colour_sensitivitysize,pic16canny_edge_detection_SSIM,pic16canny_edge_detection_PSNR,pic16canny_edge_detection_CIEDE,pic16canny_edge_detectionsize,pic28canny_edge_detection_SSIM,pic28canny_edge_detection_PSNR,pic28canny_edge_detection_CIEDE,pic28canny_edge_detectionsize,pic6canny_edge_detection_SSIM,pic6canny_edge_detection_PSNR,pic6canny_edge_detection_CIEDE,pic6canny_edge_detectionsize,pic23canny_edge_detection_SSIM,pic23canny_edge_detection_PSNR,pic23canny_edge_detection_CIEDE,pic23canny_edge_detectionsize,pic45canny_edge_detection_SSIM,pic45canny_edge_detection_PSNR,pic45canny_edge_detection_CIEDE,pic45canny_edge_detectionsize,pic16fourier_hard_cutoff_filtering_SSIM,pic16fourier_hard_cutoff_filtering_PSNR,pic16fourier_hard_cutoff_filtering_CIEDE,pic16fourier_hard_cutoff_filteringsize,pic28fourier_hard_cutoff_filtering_SSIM,pic28fourier_hard_cutoff_filtering_PSNR,pic28fourier_hard_cutoff_filtering_CIEDE,pic28fourier_hard_cutoff_filteringsize,pic6fourier_hard_cutoff_filtering_SSIM,pic6fourier_hard_cutoff_filtering_PSNR,pic6fourier_hard_cutoff_filtering_CIEDE,pic6fourier_hard_cutoff_filteringsize,pic23fourier_hard_cutoff_filtering_SSIM,pic23fourier_hard_cutoff_filtering_PSNR,pic23fourier_hard_cutoff_filtering_CIEDE,pic23fourier_hard_cutoff_filteringsize,pic45fourier_hard_cutoff_filtering_SSIM,pic45fourier_hard_cutoff_filtering_PSNR,pic45fourier_hard_cutoff_filtering_CIEDE,pic45fourier_hard_cutoff_filteringsize,pic16fourier_soft_cutoff_filtering_SSIM,pic16fourier_soft_cutoff_filtering_PSNR,pic16fourier_soft_cutoff_filtering_CIEDE,pic16fourier_soft_cutoff_filteringsize,pic28fourier_soft_cutoff_filtering_SSIM,pic28fourier_soft_cutoff_filtering_PSNR,pic28fourier_soft_cutoff_filtering_CIEDE,pic28fourier_soft_cutoff_filteringsize,pic6fourier_soft_cutoff_filtering_SSIM,pic6fourier_soft_cutoff_filtering_PSNR,pic6fourier_soft_cutoff_filtering_CIEDE,pic6fourier_soft_cutoff_filteringsize,pic23fourier_soft_cutoff_filtering_SSIM,pic23fourier_soft_cutoff_filtering_PSNR,pic23fourier_soft_cutoff_filtering_CIEDE,pic23fourier_soft_cutoff_filteringsize,pic45fourier_soft_cutoff_filtering_SSIM,pic45fourier_soft_cutoff_filtering_PSNR,pic45fourier_soft_cutoff_filtering_CIEDE,pic45fourier_soft_cutoff_filteringsize
0,1.0,Inf,0.0,737293.0,1.0,Inf,0.0,613399.0,1.0,Inf,0.0,561856.0,1.0,Inf,0.0,871434.0,1.0,Inf,0.0,469493.0,1.0,Inf,0.0,737293.0,1.0,Inf,0.0,613399.0,1.0,Inf,0.0,561856.0,1.0,Inf,0.0,871434.0,1.0,Inf,0.0,469493.0,1.0,Inf,0.0,737293.0,1.0,Inf,0.0,613399.0,1.0,Inf,0.0,561856.0,1.0,Inf,0.0,871434.0,1.0,Inf,0.0,469493.0,1.0,Inf,0.0,737293.0,1.0,Inf,0.0,613399.0,1.0,Inf,0.0,561856.0,1.0,Inf,0.0,871434.0,1.0,Inf,0.0,469493.0,1.0,Inf,0.0,737293.0,1.0,Inf,0.0,613399.0,1.0,Inf,0.0,561856.0,1.0,Inf,0.0,871434.0,1.0,Inf,0.0,469493.0
10240,0.9999023058832393,66.08101654052734,3130.935562899782,871716.0,0.9998831086896202,67.45416259765625,2947.323226427815,645221.0,0.9999157887510164,67.83714294433594,3053.4293203580564,551436.0,0.999944623483375,67.26882934570312,2092.441220099412,903520.0,0.9998760328539944,67.58586883544922,1744.1655185331174,531166.0,0.9999358033629508,67.58492279052734,2648.0733654167984,871661.0,0.9998947716177765,67.93265533447266,2803.2793371440625,645200.0,0.999910939961144,67.67240905761719,3061.8205532717966,551579.0,0.9999487474337309,67.80584716796875,1897.9176874074135,903550.0,0.9998761224974775,67.64262390136719,1719.4655002501613,531071.0,0.9991080209025289,45.18661880493164,8847.431844792885,872114.0,0.9990791657188847,46.67980194091797,6643.425969147273,645962.0,0.9990363244161387,45.03959655761719,8884.161245336913,552101.0,0.9991601899289372,43.70878601074219,10875.327199015337,904125.0,0.9992401082808541,46.64668273925781,6099.881564145638,531450.0,0.9999379461951057,67.99554443359375,2502.7064301152127,871585.0,0.9998816031586131,67.28874206542969,2963.275627849907,645190.0,0.9999041652376711,67.32691955566406,3122.6295080084965,551577.0,0.9999477884222479,67.62486267089844,1882.088881159652,903525.0,0.999882445985832,67.83514404296875,1723.8106773745171,531173.0,0.9999286939990659,67.46012115478516,2772.474142810791,871797.0,0.9998650757416054,66.81143188476562,3316.9630921175094,645284.0,0.9999095101827069,67.37976837158203,3101.348220530168,551438.0,0.9999463618615873,67.41229248046875,1935.4737089797775,903513.0,0.9998658549413824,67.38758850097656,1659.1303768908936,531185.0
20480,0.9998546757530085,64.3092041015625,5180.164391178334,873170.0,0.9997547303559577,64.21680450439453,6023.711367743566,646325.0,0.9998360818873602,64.61051177978516,5967.577318387212,553007.0,0.9998934452245947,64.19501495361328,3868.5677433160304,903891.0,0.9996715301661214,63.47686767578125,3598.3177919746827,533883.0,0.9998397152235825,63.6799201965332,5495.860841482539,873170.0,0.9997794362800909,64.68569946289062,5631.4638017409,646236.0,0.9998276145661236,64.42631530761719,6033.005543420088,553003.0,0.9998946740474842,64.7229232788086,3956.2382087759424,903890.0,0.9997388881644141,64.14351654052734,3540.7561096568397,533685.0,0.9983924961240342,42.366249084472656,17348.789715776882,874093.0,0.9981654230308161,42.7857666015625,13333.45555596697,647507.0,0.9980052583567569,41.57457733154297,18822.31455833267,554080.0,0.9981195653673653,40.135494232177734,23956.634799355696,905172.0,0.9985409713102226,44.60533905029297,11594.589818454517,535188.0,0.999842604835035,63.99259567260742,5633.954888282888,873233.0,0.9997737603780489,64.5218505859375,5927.363990026028,646254.0,0.9998438732678905,64.82701110839844,5916.476428980128,552971.0,0.9998947844804724,64.65325927734375,3775.270539557092,903854.0,0.9996929359343408,63.4288215637207,3814.5921621577886,533579.0,0.9998370851624885,63.78840637207031,5708.998107043748,873271.0,0.9997740115162379,64.53864288330078,5545.750028846303,646223.0,0.9998327013083729,64.47037506103516,6397.111317776056,553082.0,0.9998938678314531,64.56536865234375,3868.28489026895,903913.0,0.9997450466773956,64.56031036376953,3456.699210851064,533650.0
30720,0.9997979643887002,62.86652374267578,7861.116409714654,874801.0,0.9996431012228503,62.6215934753418,8668.132450331275,647187.0,0.9997630721490319,61.991859436035156,9861.28680281874,554436.0,0.9998026238771011,62.05400466918945,6498.224664551499,904417.0,0.9996394469189921,63.11628723144531,4931.617277431218,536204.0,0.9998006744401524,63.049049377441406,7492.191241239612,874799.0,0.9996517870823095,62.67269515991211,8540.98316087808,647173.0,0.9997793383743623,62.43540954589844,9491.41432580497,554381.0,0.9998323465528184,62.87580108642578,5681.39322054888,904271.0,0.9994937545777104,61.647396087646484,5925.319534653302,536644.0,0.9975439728610666,40.6427001953125,25419.74799457215,876079.0,0.9971915041830602,41.16222381591797,21294.093442894427,649174.0,0.9961606132826971,38.59078598022461,37723.2317432398,556628.0,0.9972068801389001,38.513790130615234,36382.95309924749,906107.0,0.9976690837992626,42.24919891357422,18145.374419162254,537965.0,0.9997643478278208,62.18107223510742,8748.825990492009,875133.0,0.9995029630267329,60.889434814453125,10030.362279672114,647357.0,0.99980869691998,63.10785675048828,8759.853264796588,554182.0,0.9998441794135586,63.09232711791992,5528.534460732773,904275.0,0.9995429816913581,62.054161071777344,5414.422645681125,536585.0,0.9997845280422095,62.5839958190918,7805.755925959713,874834.0,0.9996528604726219,62.63896560668945,8619.07703020883,647211.0,0.9997642332806931,62.00578308105469,9766.798659059486,554478.0,0.9998464490828081,63.080833435058594,5545.8165197817,904208.0,0.9996287853586553,62.96747589111328,4924.90660602895,536253.0
40960,0.9997210744823187,61.458465576171875,10477.21237612592,876491.0,0.9994464110217873,60.37388610839844,13375.82957658955,648483.0,0.9997006097779276,60.60215377807617,15370.389721931766,555971.0,0.9997950810054033,61.85911178588867,7239.623376939115,904684.0,0.9993869428984526,60.73249053955078,7877.240119938475,539715.0,0.9997295264738858,61.592369079589844,10367.393979685983,876508.0,0.9995483648011279,61.5900993347168,11140.037553953443,648169.0,0.9997525841622562,61.580657958984375,12331.938469622863,555600.0,0.9997717769047779,61.692039489746094,7258.974977392361,904763.0,0.9994948442594118,61.5952262878418,6913.571779185532,539098.0,0.9968094763128229,39.47756576538086,34004.06883849566,878148.0,0.9964820731411208,39.612735748291016,27292.245336294916,650427.0,0.9948381989627464,36.95945739746094,51815.51335940826,558583.0,0.9962804668235443,37.25642395019531,47305.98536944234,906965.0,0.9969124712483792,41.09598159790039,24569.860291451252,541162.0,0.9997168313135003,61.435546875,10584.92252278787,876497.0,0.9995679491765869,61.73749542236328,11334.662596388102,648064.0,0.9997185706683074,60.97157287597656,13269.855598693408,556005.0,0.9997652001283107,61.026756286621094,7553.876673986636,904727.0,0.9994000342298693,60.931095123291016,7216.455384085471,539456.0,0.9997156060690665,60.915740966796875,10804.18673198975,876435.0,0.999543324294999,61.539424896240234,11526.353662676884,648176.0,0.9997713994006647,61.91154098510742,11820.549460989925,555579.0,0.9997537077006972,61.05258560180664,7760.767515030766,904779.0,0.9995305660088326,61.92726516723633,6697.066007546327,539341.0
51200,0.9996585866791852,60.5687255859375,13698.033263190338,878047.0,0.9994853482819488,60.97350311279297,13367.246871623785,649014.0,0.9997024625431358,60.90605926513672,14795.414387013012,556889.0,0.9997414928859094,60.87815856933594,9143.36298035148,905059.0,0.9994320752590129,61.0792350769043,8017.173478944977,541434.0,0.9996760065506584,60.92287063598633,12696.074390656477,877839.0,0.999472119927656,60.84880828857422,13692.694540810064,649133.0,0.9996826523957492,60.584407806396484,15750.053438285478,556946.0,0.9996213212090682,59.190216064453125,10436.7150364276,905236.0,0.9993208004013054,60.287353515625,8469.59401560011,541595.0,0.9954986838106772,37.808876037597656,45945.7507331426,880128.0,0.995159692384634,38.38795471191406,35291.00863651101,652160.0,0.9942044480244581,36.475341796875,61608.197267852425,560587.0,0.9951259973413247,35.993614196777344,60978.97166466029,907895.0,0.9960747727840175,39.90665817260742,31164.16860555099,544323.0,0.999674462888942,60.91615295410156,12562.440116977055,877794.0,0.9993701847282496,60.04195785522461,14901.72547546487,649411.0,0.9996498168219553,60.16481399536133,15886.128401218599,556982.0,0.9997256006784001,60.58848571777344,9256.091058360626,905122.0,0.9993997353067663,60.852928161621094,8404.193057539436,541875.0,0.9995976516437622,59.71245193481445,14358.865170481564,877889.0,0.9992848821183605,59.41188049316406,15730.585705266714,649461.0,0.9997084640071342,60.911136627197266,14932.403295364322,556839.0,0.9997384933307698,60.822975158691406,9049.455254618979,905077.0,0.9994196150123905,60.975833892822266,8135.534657479015,541623.0
61440,0.9995238495432778,59.064231872558594,17178.87793786578,879485.0,0.9993502947660665,59.453041076660156,16694.411426502702,650094.0,0.9996137829205911,59.7645378112793,18940.84722803183,558348.0,0.9996768749356254,59.831687927246094,11616.84705923632,905461.0,0.9992702359349243,59.9382438659668,10265.199811541912,544420.0,0.9995748644245455,59.609291076660156,16521.312864269294,879073.0,0.9993467405207274,59.90525817871094,16770.26068719376,650268.0,0.9995323142694948,58.95652389526367,19851.38683463612,558633.0,0.9996675707455561,59.861202239990234,11405.522607653613,905485.0,0.9992181374636184,59.1988525390625,11838.663477178312,544492.0,0.9942912179772755,36.480262756347656,60493.719555690004,881984.0,0.993980499992255,37.52326202392578,43656.52807353053,653990.0,0.992883721565103,35.430728912353516,76655.38432387036,562832.0,0.9939609012709686,35.09336853027344,75304.43000410765,909017.0,0.9951344314135473,39.181461334228516,38180.7661161089,547382.0,0.9995697022969265,59.52153778076172,15842.595427531585,879108.0,0.999355293397014,59.96855163574219,16444.587213210067,650152.0,0.9996372787379014,60.037818908691406,18164.02699122761,558198.0,0.9996756389511435,59.843406677246094,10945.687085248133,905458.0,0.9992311326917462,59.745487213134766,9856.950551399172,544298.0,0.9996237145054927,60.06839370727539,15779.856108695938,879106.0,0.9992532841764858,59.31108093261719,18120.64640822458,650669.0,0.9996358632953399,59.998985290527344,17960.606342501665,558158.0,0.999694753542148,59.45492172241211,11422.23230888072,905373.0,0.9993074324918206,60.13303756713867,9826.128483842827,544279.0
71680,0.9995607721247207,58.61676788330078,19343.68113593552,880407.0,0.9992735031765464,59.428131103515625,18651.722490907858,651045.0,0.9995697136044297,59.042884826660156,25458.26349864226,559590.0,0.9996068208543549,58.93581008911133,13396.46416914933,905813.0,0.99913136017704,58.76776885986328,13743.492733800862,546893.0,0.9995731805169267,59.49382781982422,17834.574671473827,880524.0,0.9992692950298149,59.43120574951172,19009.935812405805,651089.0,0.9994949117080182,58.62812042236328,23263.029552885426,560250.0,0.999614343580137,59.158512115478516,12821.204523151202,905734.0,0.9991498030218509,59.19817352294922,11661.950995577576,546873.0,0.9934041438660369,35.854190826416016,73324.83919073183,883828.0,0.992887593516454,36.63264846801758,51145.24450199604,655427.0,0.9918562376011065,34.948184967041016,88342.18164805476,564808.0,0.9928265932997538,34.36857986450195,90035.56361848289,909874.0,0.9944626017119672,38.41344451904297,43674.18774658221,549838.0,0.9995590243363685,59.30590057373047,18189.930591775817,880491.0,0.9992338906733821,59.18536376953125,19785.45542692061,651089.0,0.9995734934325592,59.395286560058594,21665.827110792146,559714.0,0.9995602254874069,58.26820755004883,13928.200391964298,905937.0,0.9990379832600269,58.417720794677734,13224.980557548914,546301.0,0.9993602370929451,57.50123596191406,22488.908773587675,881098.0,0.9991044861205614,58.528770446777344,21052.937739727928,651701.0,0.9995757573086206,59.43783187866211,21019.35628719587,559655.0,0.9996540153721863,59.396305084228516,12629.38008579734,905554.0,0.9991558119231567,59.30364990234375,11628.062440179603,546668.0
81920,0.9994497155427801,58.08440399169922,24710.552414173657,881816.0,0.9991383615616375,58.688453674316406,22218.80092570943,652116.0,0.9991684740361575,56.41872024536133,30411.725439751943,562168.0,0.9995775198114654,58.12350845336914,15612.888192151317,905919.0,0.9989249209095713,58.138031005859375,14296.144615714102,548989.0,0.9995006200904979,58.67304229736328,22784.13877673105,881965.0,0.9990141622896827,58.10575866699219,24347.058727924945,652711.0,0.9994925511497428,58.725555419921875,24056.63629277206,560946.0,0.9996047241635222,58.99092102050781,14339.601915272391,905871.0,0.9990744432674558,58.572811126708984,14268.92691792507,547868.0,0.992495952092132,35.21173095703125,78712.53008186255,885078.0,0.9916910308274554,36.12287139892578,63713.90490803604,657283.0,0.9905854410420565,34.06977844238281,100653.4125414578,565930.0,0.99177157889714,33.662803649902344,103526.24499026508,910320.0,0.9931747635149796,37.01178741455078,56141.14460585377,551991.0,0.9994951117015863,58.709083557128906,21242.74733769185,881596.0,0.999197997206574,59.007850646972656,21492.101274268593,651994.0,0.9994687688050474,58.513587951660156,25404.714063583346,561219.0,0.9996154784724784,58.92048263549805,14486.447391928756,905810.0,0.9989755931997474,58.29009246826172,13671.216128957281,548330.0,0.9994454533218727,58.16948318481445,22028.620913227707,881721.0,0.9991542845566299,58.771724700927734,22102.30194672702,652142.0,0.9994958069657275,58.606590270996094,24491.422911683618,560866.0,0.9995146588712902,57.92850875854492,16672.988494358404,906216.0,0.9991067749421918,58.9024772644043,12861.143224748459,547696.0
92160,0.999444991322927,58.08367156982422,24205.084999690203,882403.0,0.9990393361817111,57.991641998291016,25662.699837462853,653297.0,0.9993396734095628,57.5125846862793,32178.93478278084,562908.0,0.9995368009244918,58.04426574707031,17197.956337830918,906320.0,0.9989689429316287,58.11918640136719,14614.373837795863,549003.0,0.9994304872085017,57.96739196777344,23614.518371785,882469.0,0.99908351854979,58.45843505859375,24292.094557099015,653070.0,0.9992638602515076,57.33378982543945,29671.593193629633,563427.0,0.9995505629546877,58.389251708984375,16896.876516220193,906208.0,0.9990017374418253,57.844688415527344,17905.927820357356,548953.0,0.9913031279783391,34.630157470703125,90499.1893363245,886435.0,0.9908176999511928,35.63258361816406,66295.97027102797,658508.0,0.9897962820853403,33.863800048828125,107884.19325194194,568105.0,0.9909077465835604,33.25155258178711,115272.21327212904,911084.0,0.9912256175299268,34.96468734741211,76176.72895634605,554350.0,0.9994743160266628,58.36528015136719,23010.520292827016,882335.0,0.9989563533136856,57.77667999267578,28858.658333239182,653437.0,0.9994009429592856,58.18865966796875,27545.73343846159,562719.0,0.9995555048587212,58.21622848510742,16698.836420503314,906154.0,0.998921918873445,57.86191940307617,15606.729327367699,549294.0,0.9994545423167042,58.1423225402832,24604.767849849744,882640.0,0.9990540447782857,58.32178497314453,25234.29689282997,653230.0,0.9993568380895355,57.837886810302734,27435.313556941437,562565.0,0.999500351894733,57.6669921875,17288.114539579452,906279.0,0.9990342707712391,58.382240295410156,14773.543550927912,548949.0
102400,0.9993782258213266,57.50061798095703,27151.082662424105,883536.0,0.9989761951367757,57.90378952026367,26971.870976190028,654247.0,0.9993200957406947,57.82654571533203,30526.657960726843,564889.0,0.9995085521090541,57.736061096191406,18538.571298177656,906459.0,0.9988540747699374,57.485145568847656,16675.8970648978,550272.0,0.9994236611424152,57.90581512451172,25559.223169487068,883236.0,0.9985948940520902,56.437076568603516,30434.447397963446,654844.0,0.999164338386384,56.917213439941406,33394.53586068999,565943.0,0.9994930816943973,57.86915588378906,18233.74092946521,906543.0,0.9985657402444248,56.19941329956055,19064.11983838083,550450.0,0.9901091112189581,34.11259078979492,105934.01389526558,888647.0,0.9894143264512578,34.79892349243164,77149.68342869147,660291.0,0.9888565714477185,33.56446838378906,115619.27461364261,570474.0,0.9895539098319622,32.60391616821289,131215.38389054258,912197.0,0.9894261908050777,33.96799850463867,92678.26406683515,556438.0,0.999431385565184,57.88639450073242,26892.86013248413,883391.0,0.998537702121747,56.30030059814453,31550.236903868976,655088.0,0.9993299068241263,57.89234161376953,29302.614571629296,564663.0,0.9995213826448184,57.919166564941406,18405.04050975364,906409.0,0.9988898561385455,57.64305114746094,16590.10718127701,550095.0,0.9994333574865005,57.969627380371094,25489.03382072753,883222.0,0.9989620015752078,57.87104034423828,27155.862144464474,654255.0,0.999321670557434,57.838653564453125,30013.088064544805,564926.0,0.9995502929277881,58.148765563964844,18181.813331958198,906336.0,0.9984405256175453,56.07843017578125,18559.07588538353,551277.0
112640,0.9991650981728556,56.14141845703125,33808.94504720929,885115.0,0.9987754274775864,56.882598876953125,32127.19114189091,655386.0,0.998955076979548,55.82283401489258,37236.837284061214,566921.0,0.9994747099681237,57.490177154541016,20312.007995085314,906713.0,0.9987561772948341,56.494354248046875,19426.186484336587,551432.0,0.9991763092828307,56.325130462646484,31617.980409338943,884908.0,0.9988798128356113,57.57339096069336,29430.53606418185,655107.0,0.9992340126971893,57.442596435546875,32184.164804785138,566247.0,0.9994474781704946,57.5104866027832,19790.31365801741,906771.0,0.9988094172954349,57.26943588256836,18478.577308317792,551222.0,0.9888342607082566,33.54601287841797,113653.8226241528,889236.0,0.9883570216448002,34.28127670288086,87096.5732639106,662099.0,0.9882162489903432,33.40580368041992,120213.94980307082,572004.0,0.9886393465054059,32.22588348388672,144326.4966111442,912950.0,0.9877633500420298,33.13400650024414,109430.59536848335,558217.0,0.9990955779717339,55.59614181518555,32255.8776734093,884848.0,0.9988567705252295,57.40870666503906,31017.508750587116,655313.0,0.9990327773601999,56.2703857421875,36852.516311550666,566749.0,0.9993950361810519,56.63286590576172,21120.33980373847,906945.0,0.9988036340605301,57.22728729248047,18064.664460052685,551188.0,0.999379380613152,57.497535705566406,27997.456649344625,884221.0,0.9987494223731969,57.04787826538086,31946.948099739697,655573.0,0.9992500438491484,57.51188278198242,32597.67399266179,566230.0,0.9994434109283661,57.30997085571289,20682.938885526222,906848.0,0.9989057184429395,57.596126556396484,18005.486947009318,551111.0
122880,0.9992902217771028,56.870155334472656,31432.07261098749,885069.0,0.9959005923506902,51.318382263183594,58648.305523261435,662198.0,0.9991609397685685,56.8984375,37952.075171906254,567777.0,0.9991580067486827,54.82278823852539,26622.32856679354,907508.0,0.9988150448352512,57.17418670654297,19251.670309293426,552004.0,0.9990625552108289,55.56415939331055,37973.19176961264,886339.0,0.9987659660987123,57.15765380859375,31947.472769923,656316.0,0.9991592713219543,57.008480072021484,35698.040531968116,567895.0,0.9994123957798298,57.20081329345703,21359.407140063402,907050.0,0.9984954012404615,55.98709487915039,22013.00763238698,551917.0,0.987660291052783,32.959739685058594,128220.9477192237,890699.0,0.9871065995342659,33.74388122558594,97488.07631542718,663152.0,0.9873272596076204,33.066322326660156,130121.80141540471,574550.0,0.987776835690226,31.90045928955078,156798.19714880935,913454.0,0.9856520818985154,32.25704574584961,130845.53911202514,559942.0,0.9992309243497137,56.63967514038086,32929.346513544086,885638.0,0.9987922307402516,57.20656967163086,31731.72482687494,656197.0,0.9987911314631734,55.15782928466797,42027.94632927093,568918.0,0.9992970655907985,55.95886993408203,24963.49243405313,907284.0,0.9986217010254731,56.412349700927734,20875.221840449012,552536.0,0.9975066648207558,50.67897415161133,60288.14331971206,887693.0,0.9987843527055948,57.192970275878906,31799.950858341384,656108.0,0.9991590294660128,56.9109001159668,35442.07097526741,567665.0,0.9994289727812655,57.082977294921875,21764.125689636705,906966.0,0.9984379451333968,55.99868392944336,21533.514184429532,552947.0
133120,0.999270814189904,56.7512092590332,33930.58540181776,885929.0,0.9986405242448247,56.70233917236328,35613.259878698846,657407.0,0.9990636983861321,56.146541595458984,46563.24119887346,570312.0,0.9991919009178517,55.50426483154297,26986.07644260815,907726.0,0.9983598142256938,55.615089416503906,23285.357006089158,553926.0,0.9991518061046244,55.87081527709961,35699.82559526176,886133.0,0.9986549888042847,56.777610778808594,35083.54116767128,657127.0,0.9990794487993881,56.458126068115234,41532.762117247,570578.0,0.9992061321953509,55.91789627075195,24232.829960660747,907631.0,0.9981928834849518,55.21941375732422,24305.01799441346,554044.0,0.9864279140852866,32.57392501831055,138816.06511770785,892128.0,0.9861956151869063,33.453338623046875,100612.74180750921,664530.0,0.9868927525965254,32.990177154541016,138317.48669318057,576846.0,0.986673633959876,31.574552536010742,170930.6803655295,914611.0,0.983335190374353,31.535213470458984,152764.8877894139,562802.0,0.9990730128992683,55.72080612182617,40121.191197297274,886948.0,0.9986839374256817,56.83824920654297,34942.679008539126,657135.0,0.9990211563379452,56.0869255065918,39878.48903547922,570206.0,0.9991997075431254,55.55323028564453,26368.800398026393,907723.0,0.998737237415466,56.816524505615234,20943.70980540984,552840.0,0.999275175933046,56.75154113769531,33695.86701342781,885897.0,0.9985322119886122,56.14716339111328,35997.84650235591,657470.0,0.9988098548760962,55.23277282714844,43291.402442440296,571429.0,0.9992829559091163,56.142967224121094,25723.301010094157,907685.0,0.9986481960826515,56.499481201171875,21866.34316912876,553074.0
143360,0.9991466448168672,56.03834533691406,39242.66589401929,887091.0,0.9983753877456268,55.885398864746094,39037.794612898324,658641.0,0.9991343269233403,56.43575668334961,39812.355235479874,571685.0,0.9993345275470192,56.379798889160156,25244.38596824466,907597.0,0.9986656263710821,56.46396255493164,22595.623814893217,553778.0,0.999107639519983,55.637306213378906,39057.315252753586,886882.0,0.9984854212126753,56.23172378540039,39749.87938542611,658718.0,0.9990845252917315,56.32655334472656,41559.36545388696,572058.0,0.9993185724734612,56.47268295288086,25419.52434156261,907745.0,0.998696365798227,56.54131317138672,22933.078195330654,553716.0,0.985484173620451,32.2991828918457,152646.46144913966,893459.0,0.9844126334343475,33.03366470336914,115148.28038155253,667447.0,0.9862682026804592,32.612422943115234,145653.572151601,578634.0,0.9854691944873228,31.086685180664062,183483.3285802469,915225.0,0.9814092606083972,30.930768966674805,170070.10545679848,563579.0,0.9992117876404675,56.248085021972656,36791.25183244264,886774.0,0.9984940523225261,56.24121856689453,39658.12509913462,658318.0,0.9991304142232944,56.477169036865234,39652.914014597554,571623.0,0.9991177243898096,55.21339797973633,30456.627485085868,908557.0,0.998594272703268,56.20166015625,23815.622318752816,554215.0,0.9991953850163545,56.274906158447266,37326.77804223103,886758.0,0.998500277309706,56.27931594848633,39995.50439910409,658492.0,0.9991041496741522,56.362510681152344,44519.01312342682,572365.0,0.9993494637294145,56.50339126586914,25116.939301910435,907628.0,0.9983887928474043,55.60623550415039,25141.817373807844,554807.0
153600,0.998858814729469,54.49319839477539,44081.06339641975,888090.0,0.9981094480785894,55.164581298828125,46179.96958292464,659577.0,0.9990680620741126,56.03689193725586,44389.1174071712,573481.0,0.9991632446349605,55.423858642578125,29244.313752552476,908363.0,0.9985727123635862,55.556236267089844,30195.091297065923,554357.0,0.999181728337863,56.171875,38840.524151392,887415.0,0.9983659240647633,55.94247817993164,41077.838304488294,659424.0,0.9989303730219744,55.53710174560547,44132.804651950275,573554.0,0.9991553096145903,55.521461486816406,29823.452491152435,908562.0,0.9985859512115642,56.09880828857422,24330.271706258223,554413.0,0.9839858228615931,31.80549430847168,169532.43496743654,894768.0,0.9834703963690258,32.694419860839844,119993.57283133299,668059.0,0.9852046113124857,32.13454055786133,156226.10230574472,580159.0,0.9846099841393311,30.902172088623047,194924.49555695278,916110.0,0.9793713529938989,30.35520362854004,190424.57566032838,564646.0,0.9989215511554272,54.731475830078125,49576.085239277265,888019.0,0.9980886539420649,55.17341613769531,46556.350358033684,660817.0,0.9987840629864265,54.95353317260742,47596.48998962487,574920.0,0.9992912273713215,56.136260986328125,27135.891745365276,907963.0,0.9981329938354659,54.907012939453125,26704.99163218923,555811.0,0.9991304769799368,55.809234619140625,40975.2831972112,887483.0,0.9983429534051319,55.737098693847656,44336.17003285323,659619.0,0.9990429177182508,56.00422286987305,44445.19007152902,573391.0,0.999192531703786,55.49363708496094,29107.173025451288,908271.0,0.9985649451265697,56.06130599975586,24375.5613462587,554558.0
163840,0.9988029720399327,54.28235626220703,47440.56505414639,888923.0,0.9983878567717686,55.9215202331543,43377.83496744449,660222.0,0.9988993877870151,55.12666320800781,56556.92873050574,574661.0,0.9992199624783564,55.725860595703125,29712.73531605983,908390.0,0.9985202901541803,55.773521423339844,26790.997680825258,555166.0,0.9990550186800483,55.34013748168945,43476.02527510736,888075.0,0.9977019745603848,54.36687469482422,54192.85386499847,662399.0,0.9989299075452498,55.51580810546875,48298.341741298376,574765.0,0.9991716408116532,55.66499328613281,29525.914147546533,908643.0,0.9984825156208322,55.695579528808594,26320.3866926467,555131.0,0.982784501724701,31.44033432006836,177880.42145705456,895517.0,0.9821013833074617,32.22243881225586,135624.04896943367,669570.0,0.9844037898464829,32.043575286865234,170516.59735955187,583696.0,0.9835527881153274,30.576143264770508,207866.1259334818,916518.0,0.9769581789172146,29.677692413330078,215153.36456653243,566715.0,0.9990434229210159,55.325565338134766,43782.62961885877,888228.0,0.9983076005807736,55.71022415161133,46622.8287813761,660567.0,0.9985182148880263,53.97386169433594,54757.534101512996,576069.0,0.9992575552496918,55.9202995300293,28970.001444296402,908240.0,0.9984485032401758,55.61643981933594,27224.696351393795,555644.0,0.9991298238214447,55.692527770996094,42198.186526780715,887946.0,0.9984163068700819,56.00171661376953,42514.19264747533,660123.0,0.9990136399881465,55.86909866333008,45465.70458174159,574474.0,0.9990491226757607,54.909584045410156,32529.710729333674,909095.0,0.9984693952648356,55.63274383544922,27033.462419765576,555249.0
174080,0.9991153359661171,55.5872917175293,44361.91343523003,888533.0,0.9983179999382258,55.75069046020508,46098.82147948588,661156.0,0.9989629980673471,55.524600982666016,48875.458960186705,575630.0,0.9989524532118561,54.35123825073242,38229.49582231278,909392.0,0.9984590912015957,55.5455207824707,28129.939213809354,556151.0,0.9897319150705721,43.53721237182617,152581.35464066244,898131.0,0.9982084127138499,55.49287796020508,48769.89223294785,661645.0,0.9989904078856183,55.679718017578125,48614.716117435324,575426.0,0.9991471119625024,55.592079162597656,30899.597250294577,908934.0,0.9984190384565417,55.4233512878418,28241.659031026298,555746.0,0.9818276760424531,31.3496036529541,190870.8552627791,896742.0,0.9808663731039176,31.799705505371094,137667.13531858101,670814.0,0.9829168491730564,31.517953872680664,184401.0553378191,584157.0,0.9809335212335504,30.319393157958984,237412.6622349742,921327.0,0.9745005580291186,29.17144775390625,241874.8429314328,569708.0,0.9990911605702277,55.55121994018555,45191.69255607253,888776.0,0.9978821408522317,54.63630294799805,52821.04685694119,661389.0,0.9989552207603098,55.459922790527344,51477.606715642,576222.0,0.9990040912664873,54.73966598510742,33888.990855801654,909397.0,0.998466560640765,55.54806137084961,27483.880466195544,555893.0,0.9991102222238996,55.55863952636719,44608.25870763832,888569.0,0.997672933508103,54.25511932373047,51672.48342030229,662627.0,0.9988802373063307,54.668617248535156,52897.87423852034,576188.0,0.9991262879806563,55.31611633300781,31499.897372089607,908891.0,0.9982902915030782,54.59591293334961,30013.209897651588,556539.0
184320,0.999021985788317,55.02381896972656,48775.625639581,889386.0,0.9981364198394921,55.32489776611328,49897.15799817401,662317.0,0.9988903060196651,54.94541931152344,53655.235459844545,577496.0,0.9987677460604808,53.78364181518555,40724.19501953926,910357.0,0.9984009212059443,55.28569030761719,29491.28762626902,556464.0,0.9990513625014861,55.269744873046875,48871.79295354661,889411.0,0.994184786738081,50.023807525634766,83298.62328838313,670607.0,0.9986582087383327,54.26128005981445,56551.952580575366,578931.0,0.9990459569939311,55.06330871582031,33759.27558688629,909293.0,0.9983826084317238,55.27498245239258,29345.6285513295,556627.0,0.9805455624987659,31.064119338989258,204576.08795799903,898189.0,0.9797715005633328,31.770767211914062,146500.979618355,672522.0,0.9816585190525435,31.207571029663086,197900.5018330269,585347.0,0.9809862159970705,29.94382095336914,236086.3693451408,918772.0,0.9725594738683726,28.6287784576416,263208.17940048117,569951.0,0.9988500882990045,54.45045852661133,51760.538499301736,890073.0,0.997813566186015,54.58154296875,54647.0232037783,663232.0,0.9988063505035423,54.658790588378906,56692.51489596079,577757.0,0.9991171005138776,55.204681396484375,34702.144971080714,909123.0,0.997836142510439,54.01779556274414,33038.118374201935,557896.0,0.9990331697977939,55.169654846191406,50466.05807666056,889431.0,0.9982050574559433,55.46006774902344,47870.9251509324,661841.0,0.9989129103511478,54.72578430175781,52597.7930132826,577050.0,0.998723275493274,53.2486572265625,38167.16699039727,909950.0,0.9983830119746503,55.247406005859375,29631.372512017413,556455.0
194560,0.999000842577058,54.91355514526367,51535.1013942022,889975.0,0.998102473935791,55.202354431152344,51799.86902922166,662758.0,0.9988730838566343,54.779518127441406,57237.16714604369,579014.0,0.999060975683219,54.829002380371094,36741.16207800897,909489.0,0.9979699919072103,54.04120635986328,33087.529388218565,557787.0,0.9987449650384502,53.94708251953125,59520.63184212784,890739.0,0.998055690143917,55.12794876098633,51941.2563810321,663064.0,0.9988229012426317,54.736122131347656,56954.06000567465,579225.0,0.9988398387793527,54.171905517578125,39883.57217118595,910391.0,0.9982841356594886,54.92292785644531,31800.269892998374,557248.0,0.9789271306791251,30.658267974853516,221959.2754548075,899313.0,0.9780044193843304,31.48011016845703,157611.8388144096,674348.0,0.9801175231109364,30.925004959106445,215707.65495683698,588804.0,0.9803845552591904,29.912023544311523,244779.5823935611,919330.0,0.969776030926289,28.33887481689453,286205.3502801626,572442.0,0.9989576243919319,54.72724151611328,51149.1872814933,889755.0,0.9980209689931162,55.02033233642578,54241.82905243902,662931.0,0.9989040670228809,54.987789154052734,56167.07723792069,578873.0,0.9990608516617089,54.98618698120117,34462.0946198062,909498.0,0.9978736164878498,53.9738883972168,35321.45289146775,558870.0,0.9989977654629363,54.95048522949219,52179.728792787864,889930.0,0.9980045365273844,54.985496520996094,51880.04655079215,662881.0,0.9988844627425736,54.54647445678711,55935.887905329495,578834.0,0.9990943443164977,55.144596099853516,34378.872042202274,909338.0,0.9982848534584023,54.93109130859375,31812.655632311566,557524.0
204800,0.9988589586487174,54.126068115234375,57075.19605318012,890701.0,0.9978767288259728,54.68457794189453,57010.78710484122,664210.0,0.9987049960064103,54.126190185546875,62657.551200062175,582112.0,0.9968039465174945,49.0084114074707,78211.72698255727,914567.0,0.9983170873303002,54.882389068603516,34165.77726606827,557847.0,0.998948407496566,54.743648529052734,54017.803332327785,890760.0,0.9979886960623243,54.98680877685547,54577.70778619536,663636.0,0.998837312774522,54.65248489379883,60234.28741692075,580584.0,0.9986405523607033,53.56095886230469,40617.18663653597,910478.0,0.9982287895506586,54.67959976196289,33994.781281910175,558194.0,0.9773082601488529,30.33888053894043,234689.36871312797,900245.0,0.9757332118336624,30.891265869140625,174078.40290618548,676993.0,0.9781194375993283,30.444652557373047,247226.37415903222,591969.0,0.9792924448818116,29.69510841369629,259588.3336170415,920504.0,0.9671399048272427,27.731496810913086,314038.2450544353,573682.0,0.9989902249479253,54.836181640625,54346.21311874713,890551.0,0.997765964365673,54.488426208496094,56447.719149463715,664432.0,0.9989061549154081,54.805904388427734,57930.369514950835,580194.0,0.9987608602364288,53.691619873046875,39107.889926949014,910493.0,0.997954159638746,54.087677001953125,36486.53564712656,559281.0,0.9987760793277355,53.9765739440918,59843.02718541762,891269.0,0.997593706985317,54.06047058105469,60518.38111460946,665488.0,0.9988725719293982,54.464385986328125,57158.584964714246,580195.0,0.9987078120217641,53.58504867553711,42390.28833712493,910840.0,0.9981671976275477,54.56352233886719,33015.701446007566,557935.0
